instrument_name,timestamp,option_type,strike,mark_iv
BTC-24JUN22-25000-C,1654761163349,call,25000.0,88.86
BTC-24JUN22-25000-P,1654761164698,put,25000.0,88.86
BTC-24JUN22-30000-C,1654761165363,call,30000.0,64.87
BTC-24JUN22-30000-P,1654761166372,put,30000.0,64.87
BTC-24JUN22-35000-C,1654761167377,call,35000.0,60.49
BTC-24JUN22-35000-P,1654761167377,put,35000.0,60.49
BTC-24JUN22-40000-C,1654761168384,call,40000.0,70.12
BTC-24JUN22-40000-P,1654761169391,put,40000.0,70.12
BTC-24JUN22-45000-C,1654761170398,call,45000.0,83.11
BTC-24JUN22-45000-P,1654761171405,put,45000.0,83.11
BTC-24JUN22-50000-C,1654761172412,call,50000.0,210.0
BTC-24JUN22-50000-P,1654761173420,put,50000.0,210.0
BTC-24JUN22-55000-C,1654761174427,call,55000.0,210.0
BTC-24JUN22-55000-P,1654761174426,put,55000.0,210.0
BTC-24JUN22-60000-C,1654761175433,call,60000.0,210.0
BTC-24JUN22-60000-P,1654761176440,put,60000.0,210.0
BTC-24JUN22-65000-C,1654761177447,call,65000.0,210.0
BTC-24JUN22-65000-P,1654761177448,put,65000.0,210.0
BTC-24JUN22-70000-C,1654761178454,call,70000.0,210.0
BTC-24JUN22-70000-P,1654761179461,put,70000.0,210.0
BTC-24JUN22-75000-C,1654761180468,call,75000.0,210.0
BTC-24JUN22-75000-P,1654761180468,put,75000.0,210.0
BTC-24JUN22-80000-C,1654761181475,call,80000.0,210.0
BTC-24JUN22-80000-P,1654761182482,put,80000.0,210.0
BTC-24JUN22-100000-C,1654761183489,call,100000.0,210.0
BTC-24JUN22-100000-P,1654761183489,put,100000.0,210.0
BTC-24JUN22-150000-C,1654761184496,call,150000.0,210.0
BTC-24JUN22-150000-P,1654761185504,put,150000.0,210.0
BTC-24JUN22-200000-C,1654761186510,call,200000.0,210.0
BTC-24JUN22-200000-P,1654761187517,put,200000.0,210.0
BTC-24JUN22-250000-C,1654761187518,call,250000.0,210.0
BTC-24JUN22-250000-P,1654761188524,put,250000.0,210.0
BTC-24JUN22-25000-C,1654761312387,call,25000.0,85.2
BTC-24JUN22-25000-P,1654761313394,put,25000.0,85.3
BTC-24JUN22-30000-C,1654761313863,call,30000.0,64.7
BTC-24JUN22-30000-P,1654761314782,put,30000.0,64.7
BTC-24JUN22-35000-C,1654761316072,call,35000.0,64.64
BTC-24JUN22-35000-P,1654761316414,put,35000.0,64.65
BTC-24JUN22-40000-C,1654761317424,call,40000.0,74.91
BTC-24JUN22-40000-P,1654761318428,put,40000.0,74.91
BTC-24JUN22-45000-C,1654761319436,call,45000.0,87.49
BTC-24JUN22-45000-P,1654761320442,put,45000.0,87.57
BTC-24JUN22-50000-C,1654761320655,call,50000.0,210.0
BTC-24JUN22-50000-P,1654761321451,put,50000.0,210.0
BTC-24JUN22-55000-C,1654761322457,call,55000.0,210.0
BTC-24JUN22-55000-P,1654761323463,put,55000.0,210.0
BTC-24JUN22-60000-C,1654761324470,call,60000.0,210.0
BTC-24JUN22-60000-P,1654761325478,put,60000.0,210.0
BTC-24JUN22-65000-C,1654761326484,call,65000.0,210.0
BTC-24JUN22-65000-P,1654761326485,put,65000.0,210.0
BTC-24JUN22-70000-C,1654761327494,call,70000.0,210.0
BTC-24JUN22-70000-P,1654761328501,put,70000.0,210.0
BTC-24JUN22-75000-C,1654761329505,call,75000.0,210.0
BTC-24JUN22-75000-P,1654761330513,put,75000.0,210.0
BTC-24JUN22-80000-C,1654761331519,call,80000.0,210.0
BTC-24JUN22-80000-P,1654761331520,put,80000.0,210.0
BTC-24JUN22-100000-C,1654761332526,call,100000.0,210.0
BTC-24JUN22-100000-P,1654761333533,put,100000.0,210.0
BTC-24JUN22-150000-C,1654761334540,call,150000.0,210.0
BTC-24JUN22-150000-P,1654761335547,put,150000.0,210.0
BTC-24JUN22-200000-C,1654761336556,call,200000.0,210.0
BTC-24JUN22-200000-P,1654761336554,put,200000.0,210.0
BTC-24JUN22-250000-C,1654761337561,call,250000.0,210.0
BTC-24JUN22-250000-P,1654761338568,put,250000.0,210.0
BTC-24JUN22-25000-C,1654761402680,call,25000.0,86.98
BTC-24JUN22-25000-P,1654761403281,put,25000.0,87.08
BTC-24JUN22-30000-C,1654761404702,call,30000.0,62.08
BTC-24JUN22-30000-P,1654761405498,put,30000.0,62.08
BTC-24JUN22-35000-C,1654761406037,call,35000.0,68.67
BTC-24JUN22-35000-P,1654761407129,put,35000.0,68.73
BTC-24JUN22-40000-C,1654761408051,call,40000.0,78.36
BTC-24JUN22-40000-P,1654761408644,put,40000.0,78.36
BTC-24JUN22-45000-C,1654761409058,call,45000.0,90.37
BTC-24JUN22-45000-P,1654761410357,put,45000.0,90.39
BTC-24JUN22-50000-C,1654761410655,call,50000.0,210.0
BTC-24JUN22-50000-P,1654761412087,put,50000.0,210.0
BTC-24JUN22-55000-C,1654761412079,call,55000.0,210.0
BTC-24JUN22-55000-P,1654761413813,put,55000.0,210.0
BTC-24JUN22-60000-C,1654761414093,call,60000.0,210.0
BTC-24JUN22-60000-P,1654761415100,put,60000.0,210.0
BTC-24JUN22-65000-C,1654761416107,call,65000.0,210.0
BTC-24JUN22-65000-P,1654761417115,put,65000.0,210.0
BTC-24JUN22-70000-C,1654761417641,call,70000.0,210.0
BTC-24JUN22-70000-P,1654761418121,put,70000.0,210.0
BTC-24JUN22-75000-C,1654761419128,call,75000.0,210.0
BTC-24JUN22-75000-P,1654761420138,put,75000.0,210.0
BTC-24JUN22-80000-C,1654761421142,call,80000.0,210.0
BTC-24JUN22-80000-P,1654761422149,put,80000.0,210.0
BTC-24JUN22-100000-C,1654761423157,call,100000.0,210.0
BTC-24JUN22-100000-P,1654761424164,put,100000.0,210.0
BTC-24JUN22-150000-C,1654761425170,call,150000.0,210.0
BTC-24JUN22-150000-P,1654761425172,put,150000.0,210.0
BTC-24JUN22-200000-C,1654761426177,call,200000.0,210.0
BTC-24JUN22-200000-P,1654761427184,put,200000.0,210.0
BTC-24JUN22-250000-C,1654761428191,call,250000.0,210.0
BTC-24JUN22-250000-P,1654761429198,put,250000.0,210.0
BTC-24JUN22-25000-C,1654761492643,call,25000.0,87.59
BTC-24JUN22-25000-P,1654761493128,put,25000.0,87.59
BTC-24JUN22-30000-C,1654761493841,call,30000.0,61.62
BTC-24JUN22-30000-P,1654761495074,put,30000.0,61.52
BTC-24JUN22-35000-C,1654761495664,call,35000.0,66.01
BTC-24JUN22-35000-P,1654761497021,put,35000.0,65.93
BTC-24JUN22-40000-C,1654761497678,call,40000.0,78.07
BTC-24JUN22-40000-P,1654761498414,put,40000.0,78.07
BTC-24JUN22-45000-C,1654761498685,call,45000.0,91.32
BTC-24JUN22-45000-P,1654761500173,put,45000.0,91.32
BTC-24JUN22-50000-C,1654761500700,call,50000.0,210.0
BTC-24JUN22-50000-P,1654761501706,put,50000.0,210.0
BTC-24JUN22-55000-C,1654761502715,call,55000.0,210.0
BTC-24JUN22-55000-P,1654761503721,put,55000.0,210.0
BTC-24JUN22-60000-C,1654761503720,call,60000.0,210.0
BTC-24JUN22-60000-P,1654761504727,put,60000.0,210.0
BTC-24JUN22-65000-C,1654761505734,call,65000.0,210.0
BTC-24JUN22-65000-P,1654761506741,put,65000.0,210.0
BTC-24JUN22-70000-C,1654761507750,call,70000.0,210.0
BTC-24JUN22-70000-P,1654761508757,put,70000.0,210.0
BTC-24JUN22-75000-C,1654761508755,call,75000.0,210.0
BTC-24JUN22-75000-P,1654761509763,put,75000.0,210.0
BTC-24JUN22-80000-C,1654761510769,call,80000.0,210.0
BTC-24JUN22-80000-P,1654761511777,put,80000.0,210.0
BTC-24JUN22-100000-C,1654761511776,call,100000.0,210.0
BTC-24JUN22-100000-P,1654761513790,put,100000.0,210.0
BTC-24JUN22-150000-C,1654761513791,call,150000.0,210.0
BTC-24JUN22-150000-P,1654761514799,put,150000.0,210.0
BTC-24JUN22-200000-C,1654761515804,call,200000.0,210.0
BTC-24JUN22-200000-P,1654761516811,put,200000.0,210.0
BTC-24JUN22-250000-C,1654761517818,call,250000.0,210.0
BTC-24JUN22-250000-P,1654761518825,put,250000.0,210.0
BTC-24JUN22-25000-C,1654762469445,call,25000.0,92.37
BTC-24JUN22-25000-P,1654762470452,put,25000.0,92.37
BTC-24JUN22-30000-C,1654762471461,call,30000.0,78.99
BTC-24JUN22-30000-P,1654762472466,put,30000.0,78.99
BTC-24JUN22-35000-C,1654762473473,call,35000.0,75.01
BTC-24JUN22-35000-P,1654762473473,put,35000.0,75.01
BTC-24JUN22-40000-C,1654762474480,call,40000.0,82.4
BTC-24JUN22-40000-P,1654762475658,put,40000.0,82.4
BTC-24JUN22-45000-C,1654762476494,call,45000.0,92.02
BTC-24JUN22-45000-P,1654762477501,put,45000.0,92.02
BTC-24JUN22-50000-C,1654762478508,call,50000.0,127.5
BTC-24JUN22-50000-P,1654762479517,put,50000.0,127.4
BTC-24JUN22-55000-C,1654762479516,call,55000.0,127.6
BTC-24JUN22-55000-P,1654762480695,put,55000.0,127.52
BTC-24JUN22-60000-C,1654762481529,call,60000.0,147.99
BTC-24JUN22-60000-P,1654762482536,put,60000.0,147.89
BTC-24JUN22-65000-C,1654762483546,call,65000.0,147.79
BTC-24JUN22-65000-P,1654762483544,put,65000.0,147.79
BTC-24JUN22-70000-C,1654762484550,call,70000.0,158.86
BTC-24JUN22-70000-P,1654762485558,put,70000.0,158.86
BTC-24JUN22-75000-C,1654762486564,call,75000.0,163.61
BTC-24JUN22-75000-P,1654762487571,put,75000.0,163.61
BTC-24JUN22-80000-C,1654762488578,call,80000.0,173.46
BTC-24JUN22-80000-P,1654762488579,put,80000.0,173.46
BTC-24JUN22-100000-C,1654762489585,call,100000.0,206.81
BTC-24JUN22-100000-P,1654762490592,put,100000.0,206.81
BTC-24JUN22-150000-C,1654762491599,call,150000.0,210.0
BTC-24JUN22-150000-P,1654762492606,put,150000.0,210.0
BTC-24JUN22-200000-C,1654762492606,call,200000.0,210.0
BTC-24JUN22-200000-P,1654762494620,put,200000.0,210.0
BTC-24JUN22-250000-C,1654762495627,call,250000.0,210.0
BTC-24JUN22-250000-P,1654762496635,put,250000.0,210.0
BTC-24JUN22-25000-C,1654762560076,call,25000.0,92.23
BTC-24JUN22-25000-P,1654762560076,put,25000.0,92.23
BTC-24JUN22-30000-C,1654762561428,call,30000.0,78.94
BTC-24JUN22-30000-P,1654762562856,put,30000.0,78.94
BTC-24JUN22-35000-C,1654762563097,call,35000.0,75.09
BTC-24JUN22-35000-P,1654762564105,put,35000.0,75.1
BTC-24JUN22-40000-C,1654762565111,call,40000.0,82.46
BTC-24JUN22-40000-P,1654762566118,put,40000.0,82.46
BTC-24JUN22-45000-C,1654762566118,call,45000.0,92.1
BTC-24JUN22-45000-P,1654762567125,put,45000.0,92.1
BTC-24JUN22-50000-C,1654762568132,call,50000.0,118.78
BTC-24JUN22-50000-P,1654762569139,put,50000.0,118.68
BTC-24JUN22-55000-C,1654762570149,call,55000.0,124.33
BTC-24JUN22-55000-P,1654762570146,put,55000.0,124.33
BTC-24JUN22-60000-C,1654762570147,call,60000.0,140.85
BTC-24JUN22-60000-P,1654762572160,put,60000.0,140.77
BTC-24JUN22-65000-C,1654762573167,call,65000.0,142.34
BTC-24JUN22-65000-P,1654762573167,put,65000.0,142.34
BTC-24JUN22-70000-C,1654762575181,call,70000.0,158.78
BTC-24JUN22-70000-P,1654762576188,put,70000.0,158.78
BTC-24JUN22-75000-C,1654762577195,call,75000.0,163.57
BTC-24JUN22-75000-P,1654762578202,put,75000.0,163.57
BTC-24JUN22-80000-C,1654762579209,call,80000.0,173.46
BTC-24JUN22-80000-P,1654762579209,put,80000.0,173.46
BTC-24JUN22-100000-C,1654762580216,call,100000.0,206.81
BTC-24JUN22-100000-P,1654762581223,put,100000.0,206.81
BTC-24JUN22-150000-C,1654762582230,call,150000.0,210.0
BTC-24JUN22-150000-P,1654762583237,put,150000.0,210.0
BTC-24JUN22-200000-C,1654762583917,call,200000.0,210.0
BTC-24JUN22-200000-P,1654762584244,put,200000.0,210.0
BTC-24JUN22-250000-C,1654762585254,call,250000.0,210.0
BTC-24JUN22-250000-P,1654762586258,put,250000.0,210.0
BTC-24JUN22-25000-C,1654762649703,call,25000.0,92.51
BTC-24JUN22-25000-P,1654762650711,put,25000.0,92.51
BTC-24JUN22-30000-C,1654762651717,call,30000.0,78.88
BTC-24JUN22-30000-P,1654762652725,put,30000.0,78.88
BTC-24JUN22-35000-C,1654762652724,call,35000.0,75.29
BTC-24JUN22-35000-P,1654762653731,put,35000.0,75.29
BTC-24JUN22-40000-C,1654762654738,call,40000.0,82.6
BTC-24JUN22-40000-P,1654762655745,put,40000.0,82.6
BTC-24JUN22-45000-C,1654762656752,call,45000.0,92.22
BTC-24JUN22-45000-P,1654762657759,put,45000.0,92.22
BTC-24JUN22-50000-C,1654762658766,call,50000.0,109.91
BTC-24JUN22-50000-P,1654762659773,put,50000.0,109.82
BTC-24JUN22-55000-C,1654762659773,call,55000.0,123.86
BTC-24JUN22-55000-P,1654762660780,put,55000.0,123.86
BTC-24JUN22-60000-C,1654762661787,call,60000.0,133.6
BTC-24JUN22-60000-P,1654762662794,put,60000.0,133.5
BTC-24JUN22-65000-C,1654762663801,call,65000.0,141.39
BTC-24JUN22-65000-P,1654762664808,put,65000.0,141.38
BTC-24JUN22-70000-C,1654762664808,call,70000.0,158.85
BTC-24JUN22-70000-P,1654762665816,put,70000.0,158.85
BTC-24JUN22-75000-C,1654762666822,call,75000.0,163.57
BTC-24JUN22-75000-P,1654762667829,put,75000.0,163.57
BTC-24JUN22-80000-C,1654762667829,call,80000.0,173.46
BTC-24JUN22-80000-P,1654762668836,put,80000.0,173.46
BTC-24JUN22-100000-C,1654762669843,call,100000.0,206.81
BTC-24JUN22-100000-P,1654762670850,put,100000.0,206.81
BTC-24JUN22-150000-C,1654762671857,call,150000.0,210.0
BTC-24JUN22-150000-P,1654762672864,put,150000.0,210.0
BTC-24JUN22-200000-C,1654762672865,call,200000.0,210.0
BTC-24JUN22-200000-P,1654762673871,put,200000.0,210.0
BTC-24JUN22-250000-C,1654762674878,call,250000.0,210.0
BTC-24JUN22-250000-P,1654762675885,put,250000.0,210.0
BTC-24JUN22-25000-C,1654762784641,call,25000.0,92.49
BTC-24JUN22-25000-P,1654762785648,put,25000.0,92.49
BTC-24JUN22-30000-C,1654762786655,call,30000.0,78.86
BTC-24JUN22-30000-P,1654762787433,put,30000.0,78.86
BTC-24JUN22-35000-C,1654762787662,call,35000.0,74.99
BTC-24JUN22-35000-P,1654762788669,put,35000.0,74.99
BTC-24JUN22-40000-C,1654762789676,call,40000.0,82.41
BTC-24JUN22-40000-P,1654762790692,put,40000.0,82.41
BTC-24JUN22-45000-C,1654762791690,call,45000.0,92.06
BTC-24JUN22-45000-P,1654762792698,put,45000.0,92.06
BTC-24JUN22-50000-C,1654762792697,call,50000.0,105.69
BTC-24JUN22-50000-P,1654762794711,put,50000.0,105.68
BTC-24JUN22-55000-C,1654762795719,call,55000.0,123.61
BTC-24JUN22-55000-P,1654762796810,put,55000.0,123.61
BTC-24JUN22-60000-C,1654762797732,call,60000.0,128.55
BTC-24JUN22-60000-P,1654762797732,put,60000.0,128.55
BTC-24JUN22-65000-C,1654762798739,call,65000.0,141.06
BTC-24JUN22-65000-P,1654762799746,put,65000.0,141.05
BTC-24JUN22-70000-C,1654762800754,call,70000.0,158.7
BTC-24JUN22-70000-P,1654762801760,put,70000.0,158.7
BTC-24JUN22-75000-C,1654762802767,call,75000.0,163.5
BTC-24JUN22-75000-P,1654762803774,put,75000.0,163.5
BTC-24JUN22-80000-C,1654762804781,call,80000.0,173.43
BTC-24JUN22-80000-P,1654762805788,put,80000.0,173.43
BTC-24JUN22-100000-C,1654762805788,call,100000.0,206.81
BTC-24JUN22-100000-P,1654762806795,put,100000.0,206.81
BTC-24JUN22-150000-C,1654762807802,call,150000.0,210.0
BTC-24JUN22-150000-P,1654762808809,put,150000.0,210.0
BTC-24JUN22-200000-C,1654762809816,call,200000.0,210.0
BTC-24JUN22-200000-P,1654762810824,put,200000.0,210.0
BTC-24JUN22-250000-C,1654762811830,call,250000.0,210.0
BTC-24JUN22-250000-P,1654762811830,put,250000.0,210.0
BTC-24JUN22-25000-C,1654762816865,call,25000.0,92.49
BTC-24JUN22-25000-P,1654762816865,put,25000.0,92.49
BTC-24JUN22-30000-C,1654762818681,call,30000.0,78.89
BTC-24JUN22-30000-P,1654762818691,put,30000.0,78.89
BTC-24JUN22-35000-C,1654762819886,call,35000.0,74.94
BTC-24JUN22-35000-P,1654762820893,put,35000.0,74.94
BTC-24JUN22-40000-C,1654762821900,call,40000.0,82.36
BTC-24JUN22-40000-P,1654762822907,put,40000.0,82.36
BTC-24JUN22-45000-C,1654762823914,call,45000.0,92.02
BTC-24JUN22-45000-P,1654762823914,put,45000.0,92.02
BTC-24JUN22-50000-C,1654762824921,call,50000.0,105.5
BTC-24JUN22-50000-P,1654762825928,put,50000.0,105.5
BTC-24JUN22-55000-C,1654762826935,call,55000.0,123.57
BTC-24JUN22-55000-P,1654762828197,put,55000.0,123.57
BTC-24JUN22-60000-C,1654762828949,call,60000.0,128.36
BTC-24JUN22-60000-P,1654762829956,put,60000.0,128.35
BTC-24JUN22-65000-C,1654762830963,call,65000.0,141.02
BTC-24JUN22-65000-P,1654762830963,put,65000.0,141.02
BTC-24JUN22-70000-C,1654762831971,call,70000.0,158.67
BTC-24JUN22-70000-P,1654762832978,put,70000.0,158.67
BTC-24JUN22-75000-C,1654762833984,call,75000.0,163.47
BTC-24JUN22-75000-P,1654762834991,put,75000.0,163.47
BTC-24JUN22-80000-C,1654762835999,call,80000.0,173.41
BTC-24JUN22-80000-P,1654762837005,put,80000.0,173.41
BTC-24JUN22-100000-C,1654762837005,call,100000.0,206.81
BTC-24JUN22-100000-P,1654762838014,put,100000.0,206.81
BTC-24JUN22-150000-C,1654762839019,call,150000.0,210.0
BTC-24JUN22-150000-P,1654762840026,put,150000.0,210.0
BTC-24JUN22-200000-C,1654762841033,call,200000.0,210.0
BTC-24JUN22-200000-P,1654762842040,put,200000.0,210.0
BTC-24JUN22-250000-C,1654762843047,call,250000.0,210.0
BTC-24JUN22-250000-P,1654762844055,put,250000.0,210.0
BTC-24JUN22-25000-C,1654762848082,call,25000.0,92.54
BTC-24JUN22-25000-P,1654762849239,put,25000.0,92.54
BTC-24JUN22-30000-C,1654762850096,call,30000.0,78.87
BTC-24JUN22-30000-P,1654762850096,put,30000.0,78.87
BTC-24JUN22-35000-C,1654762851103,call,35000.0,74.9
BTC-24JUN22-35000-P,1654762852110,put,35000.0,74.89
BTC-24JUN22-40000-C,1654762853117,call,40000.0,82.3
BTC-24JUN22-40000-P,1654762854124,put,40000.0,82.3
BTC-24JUN22-45000-C,1654762855131,call,45000.0,91.97
BTC-24JUN22-45000-P,1654762856138,put,45000.0,91.97
BTC-24JUN22-50000-C,1654762857145,call,50000.0,105.37
BTC-24JUN22-50000-P,1654762857145,put,50000.0,105.37
BTC-24JUN22-55000-C,1654762858152,call,55000.0,123.52
BTC-24JUN22-55000-P,1654762859171,put,55000.0,123.52
BTC-24JUN22-60000-C,1654762860166,call,60000.0,128.23
BTC-24JUN22-60000-P,1654762860166,put,60000.0,128.23
BTC-24JUN22-65000-C,1654762862180,call,65000.0,140.98
BTC-24JUN22-65000-P,1654762863188,put,65000.0,140.98
BTC-24JUN22-70000-C,1654762864194,call,70000.0,158.63
BTC-24JUN22-70000-P,1654762864194,put,70000.0,158.63
BTC-24JUN22-75000-C,1654762865201,call,75000.0,163.44
BTC-24JUN22-75000-P,1654762866208,put,75000.0,163.44
BTC-24JUN22-80000-C,1654762867215,call,80000.0,173.39
BTC-24JUN22-80000-P,1654762868222,put,80000.0,173.39
BTC-24JUN22-100000-C,1654762868222,call,100000.0,206.81
BTC-24JUN22-100000-P,1654762869229,put,100000.0,206.81
BTC-24JUN22-150000-C,1654762870238,call,150000.0,210.0
BTC-24JUN22-150000-P,1654762871243,put,150000.0,210.0
BTC-24JUN22-200000-C,1654762872250,call,200000.0,210.0
BTC-24JUN22-200000-P,1654762873257,put,200000.0,210.0
BTC-24JUN22-250000-C,1654762874264,call,250000.0,210.0
BTC-24JUN22-250000-P,1654762874264,put,250000.0,210.0
